relpath,file_name,domain_from_path,doc_class_from_path,subgroup,size_bytes,sha256,page_count,text_chars,chars_per_page,pages_with_text,empty_page_ratio,extractable,devanagari_chars,latin_chars,devanagari_share,function_word_ratio,replacement_char_rate,text_quality,language,has_outline,outline_entries,images_total,pdf_title,pdf_producer,pdf_creation_date,encrypted,years_in_name,error,probe_section_headings,probe_section_word,probe_rule_word,probe_chapter,probe_subsection,probe_clause,probe_form,probe_schedule,probe_fee_marker
Ayush/ITRA/ITRA_Act_2020.pdf,ITRA_Act_2020.pdf,AYUSH_REGULATORY,,ITRA,432090,78ed38f96dc910d26a19f46b24b435bbb4259c45b3bd94efefdc40c214afa136,10,32230,3223.0,10,0.0,True,9,25607,0.0,0.5051,0.0,GOOD,ENGLISH,False,0,1,,iTextSharp™ 5.5.13.1 ©2000-2019 iText Group NV (AGPL-version),D:20200923000350+05'30',False,,,18,1,0,2,29,84,0,0,0
Ayush/NCH/NCH_Act_2020.pdf,NCH_Act_2020.pdf,AYUSH_REGULATORY,,NCH,502034,4f9e3bdac96e7e0c9ceb68bfd7aeb9c1d59d5a8243cb4400061472c4413d01d9,25,82349,3294.0,25,0.0,True,9,65849,0.0,0.4968,0.0,GOOD,ENGLISH,False,0,1,,iTextSharp™ 5.5.13.1 ©2000-2019 iText Group NV (AGPL-version),D:20200922015631+05'30',False,,,11,1,0,8,110,181,0,0,2
Ayush/NCISM/ncism_act_2020.pdf,ncism_act_2020.pdf,AYUSH_REGULATORY,,NCISM,515448,8bd66a69c75abc35ebc75e7e8dd2fe8a9066ffdcfaa8e436f4648b7e5cc81462,25,87282,3491.3,25,0.0,True,9,69652,0.0,0.4917,0.0,GOOD,ENGLISH,False,0,1,,PDFium,D:20251114142410,False,,,13,1,0,8,111,194,0,0,2
Copyrights/Acts/Copyright Act Hindi.pdf,Copyright Act Hindi.pdf,COPYRIGHT,ACT,Acts,596282,041d692d21fb5c52fb64d78551349c07938c8b53e867365a079235b15e91f2e7,41,154280,3762.9,41,0.0,True,107829,235,0.998,0.0,0.0,NON_LATIN_UNVERIFIED,HINDI,False,0,0,"प्रतिलिप्‍यधिकार अधिनियम, 1957",Acrobat Distiller 11.0 (Windows),D:20170704163748+05'30',False,,,0,0,0,0,110,84,0,0,0
"Copyrights/Acts/Copyright Act, 1957.pdf","Copyright Act, 1957.pdf",COPYRIGHT,ACT,Acts,956958,8c70b510270272bde44cc0a48809a4af2ff282d26b5da627b57e49d7a3738e54,57,159075,2790.8,56,0.018,True,0,115868,0.0,0.5196,0.0,GOOD,ENGLISH,False,0,1,,Microsoft® Word 2016,D:20180124095406+00'00',False,1957,,72,3,0,15,100,272,0,0,13
Copyrights/Manuals/Artistic Works Manual.pdf,Artistic Works Manual.pdf,COPYRIGHT,MANUAL,Manuals,200186,fd5fd44e10c6d1c51978cb7cc936f5bda098a7b1455b9db7d78f89c2e02bca53,17,33865,1992.1,17,0.0,True,0,23780,0.0,0.444,0.0,GOOD,ENGLISH,True,12,1,,Foxit PhantomPDF Printer Version 6.0.4.1129,D:20180425143120+05'30',False,,,31,22,7,0,3,0,0,0,0
Copyrights/Manuals/Cinematograph Film Works Manual.pdf,Cinematograph Film Works Manual.pdf,COPYRIGHT,MANUAL,Manuals,200169,c3eb031390f6ececf4af3091e20bc871fcb22a8539cdc13276ba247b476be6f4,13,25337,1949.0,13,0.0,True,0,17301,0.0,0.4086,0.0,GOOD,ENGLISH,True,20,1,,Foxit PhantomPDF Printer Version 6.0.4.1129,D:20180425143258+05'30',False,,,28,16,5,0,2,5,0,0,9
Copyrights/Manuals/Literary Works Manual.pdf,Literary Works Manual.pdf,COPYRIGHT,MANUAL,Manuals,291188,f748e8adfe9604978dd5b88e8ae3f2635eaab4060775d856b6140057c303dd79,24,49271,2053.0,24,0.0,True,0,34192,0.0,0.413,0.0,GOOD,ENGLISH,True,24,1,,Foxit PhantomPDF Printer Version 6.0.4.1129,D:20180425143443+05'30',False,,,21,14,10,0,0,7,0,0,3
Copyrights/Manuals/Musical Work Manual.pdf,Musical Work Manual.pdf,COPYRIGHT,MANUAL,Manuals,153087,6477a50a8e0b904cd3b8cc67cf0ee8226b3331f93050a475a12365bd086b3984,9,14454,1606.0,9,0.0,True,0,9469,0.0,0.4244,0.0,GOOD,ENGLISH,True,13,1,,Foxit PhantomPDF Printer Version 6.0.4.1129,D:20180425143614+05'30',False,,,7,7,3,0,0,0,0,0,2
Copyrights/Manuals/Sound Recording Work Manual.pdf,Sound Recording Work Manual.pdf,COPYRIGHT,MANUAL,Manuals,196533,c973853f280ae3fe2bf5781ffb291d3082651eb2b923e42f7d777ebe72a75a49,13,25186,1937.4,13,0.0,True,0,17162,0.0,0.414,0.0,GOOD,ENGLISH,True,19,1,,Foxit PhantomPDF Printer Version 6.0.4.1129,D:20180425143744+05'30',False,,,29,15,5,0,2,5,0,0,5
Copyrights/Rules/Copyright Rules 2013 ENGLISH.pdf,Copyright Rules 2013 ENGLISH.pdf,COPYRIGHT,RULES,Rules,464133,ffd844f0ba5ab18fafa347f6bc46b04e1394623c9b8a29d4dde90339eb655c5b,77,152965,1986.6,76,0.013,True,0,115596,0.0,0.4818,0.0,GOOD,ENGLISH,True,37,3,,Adobe PDF Library 10.0,D:20180222151644+05'30',False,2013,,331,4,6,18,174,393,0,4,25
Copyrights/Rules/Copyright Rules 2013 HINDI.pdf,Copyright Rules 2013 HINDI.pdf,COPYRIGHT,RULES,Rules,3100266,fbe5705c30249cd0f79d5e51b1042ad423a1b5e4ec3aba2b082424167085ccbb,60,59,1.0,0,1.0,False,0,0,0.0,0.0,0.0,NO_TEXT_LAYER,,False,0,60,,cairo 1.18.0 (https://cairographics.org),D:20260619180846+05'30,False,2013,,0,0,0,0,0,0,0,0,0
Copyrights/Rules/Copyright-Rules Amendment 2021.pdf,Copyright-Rules Amendment 2021.pdf,COPYRIGHT,RULES,Rules,424299,6cfc78de57bddc2cb80d4c461327ec8d94b5268388bcbc622f248e506b1295c9,10,22862,2286.2,10,0.0,True,6786,9771,0.41,0.4688,0.0,GOOD,BILINGUAL_HI_EN,False,0,13,,cairo 1.18.0 (https://cairographics.org),D:20260619175623+05'30,False,2021,,35,1,1,0,18,71,0,0,6
Design/Acts/Act of 2000 ENGLISH.pdf,Act of 2000 ENGLISH.pdf,DESIGN,ACT,Acts,59068,e392e657bba992c763a4442d5cfe2d3ca089682590ae5bfa35a35c0381adc79f,19,51231,2696.4,19,0.0,True,0,40228,0.0,0.5501,0.0,GOOD,ENGLISH,False,0,0,des_act,Acrobat PDFWriter 3.02 for Windows,"Wednesday, July 11, 2001 4:18:16 PM",False,2000,,23,1,0,11,60,81,0,0,27
Design/Acts/Act of 2000 HINDI.pdf,Act of 2000 HINDI.pdf,DESIGN,ACT,Acts,5794142,719552bf09c7a2efc00e92e7cd2c3b4ab380f2b1f60e40440a294a5c11807e60,14,13,0.9,0,1.0,False,0,0,0.0,0.0,0.0,NO_TEXT_LAYER,,False,0,14,,cairo 1.17.4 (https://cairographics.org),D:20220508140642+05'30,False,2000,,0,0,0,0,0,0,0,0,0
"Design/Manuals/Designs (Amendment) Rules, 2014.pdf","Designs (Amendment) Rules, 2014.pdf",DESIGN,MANUAL,Manuals,565275,2a126035cfed4951c61c22c96f43091a964cc562f287e77c393bf2b53fcf2852,87,122848,1412.0,87,0.0,True,0,93428,0.0,0.4693,0.0,GOOD,ENGLISH,False,0,2,Preface,Microsoft® Office Word 2007,D:20110331075040,False,2014,,21,115,40,27,4,6,16,6,32
"Design/Rules/Design Rules, 2001 ENGLISH.pdf","Design Rules, 2001 ENGLISH.pdf",DESIGN,RULES,Rules,88492,1996dcbbd47708bf7ea17ca9d438955d02d38ae3e880b92c07f7417552041d2d,31,66442,2143.3,31,0.0,True,0,50508,0.0,0.4308,0.0,GOOD,ENGLISH,False,0,0,des_rule,Acrobat PDFWriter 3.02 for Windows,"Wednesday, July 11, 2001 4:19:34 PM",False,2001,,87,19,0,0,47,106,2,5,14
"Design/Rules/Design Rules, 2001 HINDI.pdf","Design Rules, 2001 HINDI.pdf",DESIGN,RULES,Rules,3260654,56ff615c39d9862731447ed74c1ca930232ac9dad0f3cdfaca80578b72defd10,98,87410,891.9,78,0.204,True,0,65243,0.0,0.4257,0.0,GOOD,ENGLISH,False,0,98,,"iText# by Gerald Henson (r0.95 of lowagie.com, based on version Paulo build 103)",D:20130312111337+05'30',False,2001,,47,29,2,0,49,113,24,4,35
"Design/Rules/Designs (Amendment) Rules, 2008.pdf","Designs (Amendment) Rules, 2008.pdf",DESIGN,RULES,Rules,1096421,32d8434d9e5a0da98c7f29d4231916a6e5685e7951b63beaa0b135900785029f,26,25,1.0,0,1.0,False,0,0,0.0,0.0,0.0,NO_TEXT_LAYER,,False,0,26,,Adobe Acrobat 7.0 Image Conversion Plug-in,D:20080725112738+05'30',False,2008,,0,0,0,0,0,0,0,0,0
"Design/Rules/Designs (Amendment) Rules, 2014.pdf","Designs (Amendment) Rules, 2014.pdf",DESIGN,RULES,Rules,4093964,890d1d89ec5de6243fdc831b39dc7d8ad8f51a6dd2b80e5bb1a144146be7916d,12,11,0.9,0,1.0,False,0,0,0.0,0.0,0.0,NO_TEXT_LAYER,,True,12,12,,Adobe Acrobat 9.0 Image Conversion Plug-in,D:20150424132135+05'30',False,2014,,0,0,0,0,0,0,0,0,0
"Design/Rules/Draft Designs (Amendment) Rules, 2013.pdf","Draft Designs (Amendment) Rules, 2013.pdf",DESIGN,RULES,Rules,3384101,044104e55d4dd14a0baa2d20774b167c20ade70a7eef1308cb847fdd02cf9568,5,8281,1656.2,5,0.0,True,0,5498,0.0,0.4784,0.0,GOOD,ENGLISH,False,0,5,,DPE Build 5656,D:20190927150342+05'30',False,2013,,30,1,1,0,4,5,0,5,20
"Design/Rules/Draft Designs (Amendment) Rules, 2019 - published for Objections or suggestions.pdf","Draft Designs (Amendment) Rules, 2019 - published for Objections or suggestions.pdf",DESIGN,RULES,Rules,694207,edd8a2953dfc0a7df985a337bd5e798deb6e5993af437c9b12ee03bf1cc152db,16,28471,1779.4,16,0.0,True,6618,9470,0.411,0.4308,0.0,GOOD,BILINGUAL_HI_EN,False,0,2,Microsoft Word - 5420GI,GPL Ghostscript 8.15,D:20191021180144Z,False,2019,,12,1,4,0,28,10,0,1,8
"Design/Rules/The Designs (Amendment) Rules, 2021.pdf","The Designs (Amendment) Rules, 2021.pdf",DESIGN,RULES,Rules,2082220,c631927da0eb552bbbb9f8b1a20259f6f7a06e032470015969fc29777314715a,16,28683,1792.7,16,0.0,True,8442,9785,0.463,0.4437,0.0,GOOD,BILINGUAL_HI_EN,False,0,0,,iTextSharp™ 5.5.13.1 ©2000-2019 iText Group NV (AGPL-version),D:20210125223335+05'30',False,2021,,14,2,2,0,15,5,0,0,8
"Geographical Indications/Acts/The Geographical Indications of Goods (Registration & Protection) Act, 1999 (HINDI).pdf","The Geographical Indications of Goods (Registration & Protection) Act, 1999 (HINDI).pdf",GEOGRAPHICAL_INDICATION,ACT,Acts,578301,6e28468cd90dcadea13afd493b4205d2c2d4b434a82ed73ea03c630155a2a351,23,90523,3935.8,23,0.0,True,66727,21,1.0,0.0,0.0,NON_LATIN_UNVERIFIED,HINDI,False,0,0,माल के भौगोलिक उपदर्शन (रजिस्‍ट्रीकरण और,Microsoft® Word 2016,D:20230922113641+05'30',False,1999,,0,0,0,0,101,10,0,0,0
"Geographical Indications/Acts/The Geographical Indications of Goods (Registration & Protection) Act, 1999.pdf","The Geographical Indications of Goods (Registration & Protection) Act, 1999.pdf",GEOGRAPHICAL_INDICATION,ACT,Acts,93403,049515caf90026ce4d4ce34bed2059d2502326f8795f9c1da2afa60fcaff12fc,37,95441,2579.5,37,0.0,True,0,76072,0.0,0.5167,0.0,GOOD,ENGLISH,False,0,0,"G.I.Act,1999",Acrobat PDFWriter 3.02 for Windows,"Tuesday, August 21, 2001 3:28:07 PM",False,1999,,42,20,0,10,106,153,0,0,22
"Geographical Indications/Acts/THE JAN VISHWAS (AMENDMENT OF PROVISIONS) ACT, 2023.pdf","THE JAN VISHWAS (AMENDMENT OF PROVISIONS) ACT, 2023.pdf",GEOGRAPHICAL_INDICATION,ACT,Acts,293682,23cb77f3b4905932d5ca94179eac97e48e27b01b2a1b70a7e57d3900b0ed1222,72,134053,1861.8,72,0.0,True,9,101517,0.0,0.5032,0.0,GOOD,ENGLISH,False,0,1,,iTextSharp™ 5.5.13.1 ©2000-2019 iText Group NV (AGPL-version),D:20230812020308+05'30',False,2023,,42,15,0,2,488,163,0,2,0
Geographical Indications/Guidelines/Draft Guidelines for permitting the use of Geographical Indication (GI) Logo and Tagline.pdf,Draft Guidelines for permitting the use of Geographical Indication (GI) Logo and Tagline.pdf,GEOGRAPHICAL_INDICATION,GUIDELINE,Guidelines,907931,1ba0c78c290374399a2197d636bab1aa69c04ef4dcd8b92ead56ed77166e9e9c,17,28669,1686.4,16,0.059,True,59,20773,0.003,0.3738,0.0,GOOD,ENGLISH,True,18,75,,iLovePDF,,False,,,22,3,0,0,0,2,0,0,1
Geographical Indications/Manuals/Manual of Geographical Indications Practice and Procedure.pdf,Manual of Geographical Indications Practice and Procedure.pdf,GEOGRAPHICAL_INDICATION,MANUAL,Manuals,555147,354ff43d3a8779414b27a5551ed3fb742385e28502b71235559a160f1e58067c,71,80870,1139.0,70,0.014,True,0,60818,0.0,0.462,0.0,GOOD,ENGLISH,False,0,2,MANUAL,Microsoft® Office Word 2007,D:20110726113253,False,,,138,45,30,3,0,8,0,5,23
"Geographical Indications/Rules/The Geographical Indications of Goods (Registration & Protection) Rules, 2002 (Hindi).pdf","The Geographical Indications of Goods (Registration & Protection) Rules, 2002 (Hindi).pdf",GEOGRAPHICAL_INDICATION,RULES,Rules,6139175,49f33c656df90d210aaf0ade4699c2df014e1a7f5a54cabc28bbbcc1f4766e5a,116,178634,1539.9,88,0.241,True,0,140012,0.0,0.4697,0.0,GOOD,ENGLISH,False,0,116,,"iText# by Gerald Henson (r0.95 of lowagie.com, based on version Paulo build 103)",D:20130312113258+05'30',False,2002,,150,72,52,7,146,43,5,5,93
"Geographical Indications/Rules/The Geographical Indications of Goods (Registration & Protection) Rules, 2002.pdf","The Geographical Indications of Goods (Registration & Protection) Rules, 2002.pdf",GEOGRAPHICAL_INDICATION,RULES,Rules,229668,61f79666a010ec619de7b1317607143ef570505ba36210d5f87b3236d9fe3450,71,183935,2590.6,71,0.0,True,0,137712,0.0,0.477,0.0,GOOD,ENGLISH,False,0,0,GI Rules final,Acrobat PDFWriter 3.02 for Windows NT,D:20020913142836,False,2002,,198,73,53,8,148,41,5,6,97
"Geographical Indications/Rules/The Geographical Indications of Goods (Registration and Protection) (Amendment) Rules, 2020.pdf","The Geographical Indications of Goods (Registration and Protection) (Amendment) Rules, 2020.pdf",GEOGRAPHICAL_INDICATION,RULES,Rules,1314933,b7918cf2110899cb5ff1612c08bdb39d37b0d45babbfc2aac9c66a63c3a30d15,7,14912,2130.3,7,0.0,True,3851,5187,0.426,0.4116,0.0,GOOD,BILINGUAL_HI_EN,False,0,0,,iTextSharp™ 5.5.13.1 ©2000-2019 iText Group NV (AGPL-version),D:20200826202233+05'30',False,2020,,8,10,4,0,31,0,0,0,2
"Geographical Indications/Rules/The Geographical Indications of Goods (Registration and Protection) (Amendment) Rules, 2025.pdf","The Geographical Indications of Goods (Registration and Protection) (Amendment) Rules, 2025.pdf",GEOGRAPHICAL_INDICATION,RULES,Rules,765588,2ae4225d806162e3a4303d02e9187f55e11af3a579813319e398fc1009a0889e,8,18896,2362.0,8,0.0,True,5934,6951,0.461,0.4327,0.0,GOOD,BILINGUAL_HI_EN,False,0,0,,iTextSharp™ 5.5.13.1 ©2000-2019 iText Group NV (AGPL-version),D:20251107154312+05'30',False,2025,,40,4,0,0,12,4,0,1,2
"Patents/Acts/THE JAN VISHWAS (AMENDMENT OF PROVISIONS) ACT, 2023 English2.pdf","THE JAN VISHWAS (AMENDMENT OF PROVISIONS) ACT, 2023 English2.pdf",PATENT,ACT,Acts,1603630,c728e2f2de608e69e707a36876e823db447656406dafd2c19b2455a528d0b2eb,2,2398,1199.0,2,0.0,True,557,880,0.388,0.3923,0.0,GOOD,BILINGUAL_HI_EN,False,0,0,,iTextSharp™ 5.5.13.1 ©2000-2019 iText Group NV (AGPL-version),D:20240726154026+05'30',False,2023,,0,1,0,0,1,0,0,0,0
"Patents/Acts/THE JAN VISHWAS (AMENDMENT OF PROVISIONS) ACT, 2023,English1.pdf","THE JAN VISHWAS (AMENDMENT OF PROVISIONS) ACT, 2023,English1.pdf",PATENT,ACT,Acts,293682,23cb77f3b4905932d5ca94179eac97e48e27b01b2a1b70a7e57d3900b0ed1222,72,134053,1861.8,72,0.0,True,9,101517,0.0,0.5032,0.0,GOOD,ENGLISH,False,0,1,,iTextSharp™ 5.5.13.1 ©2000-2019 iText Group NV (AGPL-version),D:20230812020308+05'30',False,2023,,42,15,0,2,488,163,0,2,0
Patents/Acts/The Patents (Amendment) Act - 25 June 2002.pdf,The Patents (Amendment) Act - 25 June 2002.pdf,PATENT,ACT,Acts,1584715,6b2afe2aafce7bf2b18a96ea52f2e28849f2cf07dd7cb4af10bfe48609c9b14e,24,23,1.0,0,1.0,False,0,0,0.0,0.0,0.0,NO_TEXT_LAYER,,False,0,25,pat_act02,Acrobat PDFWriter 3.02 for Windows NT,D:20020820114148,False,2002,,0,0,0,0,0,0,0,0,0
Patents/Acts/The Patents (Amendment) Act - 25 June 20021.pdf,The Patents (Amendment) Act - 25 June 20021.pdf,PATENT,ACT,Acts,431759,943f2afea493474af3fe3cf8b9ce7f456757616ee57083d6ce32a02c3a33914e,64,217882,3404.4,64,0.0,True,0,173058,0.0,0.527,0.0,GOOD,ENGLISH,False,0,1,patent act 1977-3-99,Acrobat Distiller 9.0.0 (Windows),D:20151217125635+05'30',False,,,344,11,0,47,337,55,0,2,33
Patents/Acts/The Patents (Amendment) Act - 26 March 1999.pdf,The Patents (Amendment) Act - 26 March 1999.pdf,PATENT,ACT,Acts,272884,0f695279f51c088eb299904a6acc29c8c6f931f5fc436556a3fedb0801b578e3,5,4,0.8,0,1.0,False,0,0,0.0,0.0,0.0,NO_TEXT_LAYER,,False,0,5,99,Acrobat PDFWriter 3.02 for Windows,23/mm/2002 5:50:22 PM,False,1999,,0,0,0,0,0,0,0,0,0
Patents/Acts/The Patents (Amendment) Act 2005.pdf,The Patents (Amendment) Act 2005.pdf,PATENT,ACT,Acts,146570,886f40bbaffa36f6cbf8ac51c0716e4ae9f88a19d9e910d4f8928488647079dd,18,60361,3353.4,18,0.0,True,0,45394,0.0,0.5297,0.0,GOOD,ENGLISH,False,0,1,Microsoft Word - GAZETTE OF INDIA,Acrobat Distiller 7.0 (Windows),D:20050411162929+05'30',False,2005,,98,4,0,3,24,138,0,0,0
"Patents/Acts/The Patents (Amendment) Act, 2002 (38 of 2002).pdf","The Patents (Amendment) Act, 2002 (38 of 2002).pdf",PATENT,ACT,Acts,1584715,6b2afe2aafce7bf2b18a96ea52f2e28849f2cf07dd7cb4af10bfe48609c9b14e,24,23,1.0,0,1.0,False,0,0,0.0,0.0,0.0,NO_TEXT_LAYER,,False,0,25,pat_act02,Acrobat PDFWriter 3.02 for Windows NT,D:20020820114148,False,2002,,0,0,0,0,0,0,0,0,0
Patents/Acts/The Patents Act 1970 (incorporating all amendments till 11-03-2015).pdf,The Patents Act 1970 (incorporating all amendments till 11-03-2015).pdf,PATENT,ACT,Acts,4115033,5cf3c6a0802f462d43969415d5129c1e3aa7eb73144668d1d0fb95efcb809846,109,229839,2108.6,109,0.0,True,0,175761,0.0,0.5262,0.0,GOOD,ENGLISH,False,0,218,,Microsoft® Word 2010,D:20130201141032+05'30',False,1970;2015,,231,12,0,49,262,351,0,1,27
Patents/Acts/The Patents Act 1970 English.pdf,The Patents Act 1970 English.pdf,PATENT,ACT,Acts,431759,943f2afea493474af3fe3cf8b9ce7f456757616ee57083d6ce32a02c3a33914e,64,217882,3404.4,64,0.0,True,0,173058,0.0,0.527,0.0,GOOD,ENGLISH,False,0,1,patent act 1977-3-99,Acrobat Distiller 9.0.0 (Windows),D:20151217125635+05'30',False,1970,,344,11,0,47,337,55,0,2,33
Patents/Acts/The Patents Act 1970 Hindi.pdf,The Patents Act 1970 Hindi.pdf,PATENT,ACT,Acts,5223267,9b9da497989f82bac4ad053bc913027cd4c0db56d6b389e211fbe79c2472f9d3,73,72,1.0,0,1.0,False,0,0,0.0,0.0,0.0,NO_TEXT_LAYER,,True,2,145,1970.pdf,Adobe Acrobat 8.1,D:20081104161208+05'30',False,1970,,0,0,0,0,0,0,0,0,0
"Patents/Acts/The Patents Act, 1970 (incorporating all amendments till 01-08-2024).pdf","The Patents Act, 1970 (incorporating all amendments till 01-08-2024).pdf",PATENT,ACT,Acts,665996,d57084888c69d70b16ed6a52a612363a526994203effa58880a26faaaa6e0678,69,249967,3622.7,69,0.0,True,0,184857,0.0,0.5232,0.0,GOOD,ENGLISH,False,0,0,,Microsoft® Word 2019,D:20241114111916+05'30',False,1970;2024,,538,12,0,44,226,327,0,2,27
"Patents/Acts/The Tribunals Reforms Act, 2021.pdf","The Tribunals Reforms Act, 2021.pdf",PATENT,ACT,Acts,531644,f8c455b107ba3e6d945da44c3f793f331acb44360128312c00ead4c67fba8d5e,17,41108,2418.1,17,0.0,True,9,29938,0.0,0.5068,0.0,GOOD,ENGLISH,False,0,1,,iTextSharp™ 5.5.13.1 ©2000-2019 iText Group NV (AGPL-version),D:20210813232528+05'30',False,2021,,65,1,0,27,24,195,0,3,0
Patents/Guidelines/Annexure I - Additional Illustrative Examples (CRIs 2025).pdf,Annexure I - Additional Illustrative Examples (CRIs 2025).pdf,PATENT,GUIDELINE,Guidelines,520127,1eb62749dd27a00a0626e2dc8d41baacc94bd33022648a7abd191de645a7a4e4,73,130855,1792.5,73,0.0,True,0,105964,0.0,0.2777,0.0,GOOD,ENGLISH,True,6,0,,Adobe PDF Library 10.0,D:20250715134420+05'30',False,2025,,41,36,0,0,0,0,0,1,9
Patents/Guidelines/Annexure II - Non Exhaustive List of Case Laws related to CRIs (2025).pdf,Annexure II - Non Exhaustive List of Case Laws related to CRIs (2025).pdf,PATENT,GUIDELINE,Guidelines,141477,31d9f5b36e354524ecfe3ddd9fdf43d8c59b22c745d0deb6cc0cc9b9417bb17e,2,5213,2606.5,2,0.0,True,0,3027,0.0,0.1232,0.0,DEGRADED,ENGLISH,False,0,0,Annexure II - Non Exhaustive List of Case Laws related to CRIs,Skia/PDF m149 Google Docs Renderer,,False,2025,,0,0,0,0,0,0,0,0,0
Patents/Guidelines/Draft guideline for Computer Related Inventions (CRIs) - 2013.pdf,Draft guideline for Computer Related Inventions (CRIs) - 2013.pdf,PATENT,GUIDELINE,Guidelines,1057781,21cb7cc31e4cf7c1cf3af490f5ed97cee3ae4e98d5b2e91cbda83aaec41a4fd5,47,73169,1556.8,44,0.064,True,0,55824,0.0,0.3673,0.0,GOOD,ENGLISH,False,0,12,,Microsoft® Word 2010,D:20130628175240+05'30',False,2013,,28,6,0,0,4,13,0,0,0
Patents/Guidelines/Draft Guidelines for Search and Examination of Patent application inviting Comments or Suggestion -2015.pdf,Draft Guidelines for Search and Examination of Patent application inviting Comments or Suggestion -2015.pdf,PATENT,GUIDELINE,Guidelines,690222,070bc3a6e3b4fd960e52b0c943d58d3171b554adfe265956c4c9331ab0b16ed3,115,220866,1920.6,115,0.0,True,0,169436,0.0,0.4155,0.0,GOOD,ENGLISH,True,33,92,,Adobe PDF Library 10.0,D:20150304112203+05'30',False,2015,,105,57,12,15,7,89,1,1,18
Patents/Guidelines/Draft Guidelines for Search and Examination of Patent Public Notice.pdf,Draft Guidelines for Search and Examination of Patent Public Notice.pdf,PATENT,GUIDELINE,Guidelines,360999,3f3fcd605e5dbde19d88387ab0b2f49de2c4b64086a6eea5b7be1fab996f203d,1,0,0.0,0,1.0,False,0,0,0.0,0.0,0.0,NO_TEXT_LAYER,,False,0,1,,,,False,,,0,0,0,0,0,0,0,0,0
Patents/Guidelines/Guidelines for Examination of Ayush Related Inventions-2025.pdf,Guidelines for Examination of Ayush Related Inventions-2025.pdf,PATENT,GUIDELINE,Guidelines,3084145,2bab3cef1b08c07155976c089e05fc4f3f77009d4172423b145fc49da70ca082,20,35747,1787.3,20,0.0,True,0,27475,0.0,0.3458,0.0,GOOD,ENGLISH,False,0,32,,PDFium,D:20250923152845,False,2025,,15,23,0,0,0,0,0,0,0
Patents/Guidelines/Guidelines for Examination of Biotechnology Applications for Patent - 2013.pdf,Guidelines for Examination of Biotechnology Applications for Patent - 2013.pdf,PATENT,GUIDELINE,Guidelines,693051,1a03550257e82eb0aee3c4ab80057cab760e8e258cd1bd831b5500d69e80aa79,23,63430,2757.8,22,0.043,True,0,50487,0.0,0.3879,0.0,GOOD,ENGLISH,False,0,1,,Microsoft® Word 2010,D:20130325160444+05'30',False,2013,,21,61,1,0,0,24,0,0,0
Patents/Guidelines/Guidelines for Examination of Computer Related Inventions (CRIs) - 2016.pdf,Guidelines for Examination of Computer Related Inventions (CRIs) - 2016.pdf,PATENT,GUIDELINE,Guidelines,678918,b2f68b72bef1107e375f608c261bde82a594d66d16c0f2ab4a813df0bfb6d5e1,35,72609,2074.5,35,0.0,True,0,56575,0.0,0.3761,0.0,GOOD,ENGLISH,False,0,5,,Microsoft® Word 2010,D:20160219174803+05'30',False,2016,,24,5,0,3,5,9,0,0,0
Patents/Guidelines/GUIDELINES FOR EXAMINATION OF COMPUTER RELATED INVENTIONS (CRIs) - 2025.pdf,GUIDELINES FOR EXAMINATION OF COMPUTER RELATED INVENTIONS (CRIs) - 2025.pdf,PATENT,GUIDELINE,Guidelines,1698989,ac54a08059bf88f0dd144f3e2ac2837b40dc20ea77fffebb197de3280c7bc155,67,151389,2259.5,62,0.075,True,0,119171,0.0,0.3269,0.0,GOOD,ENGLISH,False,0,13,,Microsoft® Word 2019,D:20260819173625+05'30',False,2025,,41,10,0,1,0,11,0,0,1
Patents/Guidelines/Guidelines for examination of patent applications in the field of Pharmaceuticals - 2014.pdf,Guidelines for examination of patent applications in the field of Pharmaceuticals - 2014.pdf,PATENT,GUIDELINE,Guidelines,824308,3752a8c37fe032f12bb46dc8ec8e0712b419101ecbb3a4498307eb93fbf25af5,51,134160,2630.6,51,0.0,True,0,103211,0.0,0.4006,0.0,GOOD,ENGLISH,False,0,23,,Adobe PDF Library 10.0,D:20141029124959+05'30',False,2014,,21,83,0,0,2,16,0,0,0
Patents/Guidelines/Guidelines for Processing of Patent Applications relating to Traditional Knowledge and Biological Material - 2012.pdf,Guidelines for Processing of Patent Applications relating to Traditional Knowledge and Biological Material - 2012.pdf,PATENT,GUIDELINE,Guidelines,317122,6e4945840b00a79f97d9e5d3d42962e0e30eb343f6b0d6a9bb7f0d5971e4652c,10,27335,2733.5,9,0.1,True,0,21714,0.0,0.406,0.0,GOOD,ENGLISH,True,2,1,,Adobe Acrobat 10.1.1,D:20121218153742+05'30',False,2012,,24,4,0,0,0,0,0,0,0
Patents/Guidelines/Guidelines for the Use of Artificial Intelligence in Patent Examination Procedures.pdf,Guidelines for the Use of Artificial Intelligence in Patent Examination Procedures.pdf,PATENT,GUIDELINE,Guidelines,1591633,6d3a3fd23aec80b258b834328e557ef4dfe7d395cda1cf3037eb18d5e86adf49,53,86518,1632.4,46,0.132,True,0,62902,0.0,0.3094,0.0,GOOD,ENGLISH,True,8,76,,iLovePDF,D:20260807152623+05'30',False,,,0,7,0,0,0,0,0,0,0
Patents/Guidelines/Revised Guidelines for Examination of Computer-related Inventions (CRIs) - 2017.pdf,Revised Guidelines for Examination of Computer-related Inventions (CRIs) - 2017.pdf,PATENT,GUIDELINE,Guidelines,890738,fb662a7649264964e866e5f5b61f77143ffc034d10df0520b0b355dcaceb6eb2,18,33221,1845.6,18,0.0,True,0,24883,0.0,0.4168,0.0,GOOD,ENGLISH,False,0,3,,Microsoft® Word 2010,D:20170630134400+05'30',False,2017,,23,6,0,5,0,9,0,0,0
Patents/Manuals/All the stakeholders to forward their comments or suggestions at cgoffice.pdf,All the stakeholders to forward their comments or suggestions at cgoffice.pdf,PATENT,MANUAL,Manuals,3304077,be02576addb7630b41002961e8fb489888d58cafa1f363ba5ae681c661b004c0,204,500512,2453.5,204,0.0,True,131,326577,0.0,0.4516,0.0,GOOD,ENGLISH,False,0,7,Final Patent Draft Manual 2025-2026.docx - Google Docs,Skia/PDF m151,D:20260819091209+00'00',False,,,0,159,132,0,0,0,0,1,146
"Patents/Manuals/Comments of All Indian Peoples Science Network, New Delhi dated 15.04.2008.pdf","Comments of All Indian Peoples Science Network, New Delhi dated 15.04.2008.pdf",PATENT,MANUAL,Manuals,413055,14d09a5bb49abf28af7bc872dd28f8f970575206b9357e3a73ad803b55d58197,8,7,0.9,0,1.0,False,0,0,0.0,0.0,0.0,NO_TEXT_LAYER,,False,0,8,,ABBYY FineReader 8.0 Professional Edition,D:20080604165723Z,False,2008,,0,0,0,0,0,0,0,0,0
Patents/Manuals/Comments of Anand and Anand dated 20.03.2008.pdf,Comments of Anand and Anand dated 20.03.2008.pdf,PATENT,MANUAL,Manuals,2545435,b97f354d7518c9247972734c812f31985a937348f3e6814350fbc30c01649c1a,57,56,1.0,0,1.0,False,0,0,0.0,0.0,0.0,NO_TEXT_LAYER,,False,0,57,,ABBYY FineReader 8.0 Professional Edition,D:20080604164224Z,False,2008,,0,0,0,0,0,0,0,0,0
Patents/Manuals/Comments of CII Hyderabad dated 16.04.2008.pdf,Comments of CII Hyderabad dated 16.04.2008.pdf,PATENT,MANUAL,Manuals,1773374,81ba61d2d291c76223535ab306a45996b6f48a43314332e27be9037c979fba24,50,49,1.0,0,1.0,False,0,0,0.0,0.0,0.0,NO_TEXT_LAYER,,False,0,50,,ABBYY FineReader 8.0 Professional Edition,D:20080604171054Z,False,2008,,0,0,0,0,0,0,0,0,0
"Patents/Manuals/Comments of Corporate Law Group, New Delhi dated 21.04.2008.pdf","Comments of Corporate Law Group, New Delhi dated 21.04.2008.pdf",PATENT,MANUAL,Manuals,1004991,c549ff2968551f7459163738cc5ef308b917ff59e683410f1dde39c8c560e5ac,25,24,1.0,0,1.0,False,0,0,0.0,0.0,0.0,NO_TEXT_LAYER,,False,0,25,,ABBYY FineReader 8.0 Professional Edition,D:20080605045455Z,False,2008,,0,0,0,0,0,0,0,0,0
"Patents/Manuals/Comments of Department of Management Studies, IIT Delhi dated 25.03.2008.pdf","Comments of Department of Management Studies, IIT Delhi dated 25.03.2008.pdf",PATENT,MANUAL,Manuals,126747,d002e416fa3e94125e6b744dfe4a56a039b3a9907403688029b110d882378d42,2,1,0.5,0,1.0,False,0,0,0.0,0.0,0.0,NO_TEXT_LAYER,,False,0,2,,ABBYY FineReader 8.0 Professional Edition,D:20080604174030Z,False,2008,,0,0,0,0,0,0,0,0,0
"Patents/Manuals/Comments of Indian Drugs Manufacturing Associations, Mumbai dated 24.04.2008.pdf","Comments of Indian Drugs Manufacturing Associations, Mumbai dated 24.04.2008.pdf",PATENT,MANUAL,Manuals,306899,ca50a9c63d5ee92e0fa5542e3ce3e6537007ee76a31c9bfb38efb392b1549300,7,6,0.9,0,1.0,False,0,0,0.0,0.0,0.0,NO_TEXT_LAYER,,False,0,7,,ABBYY FineReader 8.0 Professional Edition,D:20080605042817,False,2008,,0,0,0,0,0,0,0,0,0
"Patents/Manuals/Comments of Indian Pharmaceuticals Alliance, Mumbai dated 03.04.2008.pdf","Comments of Indian Pharmaceuticals Alliance, Mumbai dated 03.04.2008.pdf",PATENT,MANUAL,Manuals,863140,a79aff1a600bdf301ee454a2b67a6e5d17d6e45c830d42c641c819dabbef64a9,19,18,0.9,0,1.0,False,0,0,0.0,0.0,0.0,NO_TEXT_LAYER,,False,0,19,,ABBYY FineReader 8.0 Professional Edition,D:20080605043905,False,2008,,0,0,0,0,0,0,0,0,0
Patents/Manuals/Comments of INTERPAT Secretariat United Kingdom dated 14.04.2008.pdf,Comments of INTERPAT Secretariat United Kingdom dated 14.04.2008.pdf,PATENT,MANUAL,Manuals,866538,da9505718c4908d208f240ca3cec47eacab757a125d175b50061fd42fe072fc9,12,11,0.9,0,1.0,False,0,0,0.0,0.0,0.0,NO_TEXT_LAYER,,False,0,12,,ABBYY FineReader 8.0 Professional Edition,D:20080605044401,False,2008,,0,0,0,0,0,0,0,0,0
Patents/Manuals/Comments of Interpharma on Draft Manual of Patent Practice and Procedure dated 01.04.2008.pdf,Comments of Interpharma on Draft Manual of Patent Practice and Procedure dated 01.04.2008.pdf,PATENT,MANUAL,Manuals,824045,fb4b70d5a0ed3e1b15d20fafc26510ff99c14ff21a6d5f5119d18a7eb7fa2e35,12,11,0.9,0,1.0,False,0,0,0.0,0.0,0.0,NO_TEXT_LAYER,,False,0,12,,ABBYY FineReader 8.0 Professional Edition,D:20080605044700,False,2008,,0,0,0,0,0,0,0,0,0
"Patents/Manuals/Comments of Japan Intellectual Property Association (JIPA), Tokyo dated 19.03.2008.pdf","Comments of Japan Intellectual Property Association (JIPA), Tokyo dated 19.03.2008.pdf",PATENT,MANUAL,Manuals,256452,15fc8a12127a97cae2ed460d36b64abc17f5116f5bf736eeb9798c6f103ba6c3,7,6,0.9,0,1.0,False,0,0,0.0,0.0,0.0,NO_TEXT_LAYER,,False,0,7,,ABBYY FineReader 8.0 Professional Edition,D:20080605044850,False,2008,,0,0,0,0,0,0,0,0,0
Patents/Manuals/Comments of Microsoft corporation india Pvt.Ltd. dated 14.04.2008.pdf,Comments of Microsoft corporation india Pvt.Ltd. dated 14.04.2008.pdf,PATENT,MANUAL,Manuals,1867773,485152915949560e86c536190ddb31f0c4821820d5d46d4e405e63fee6bb7d1e,50,49,1.0,0,1.0,False,0,0,0.0,0.0,0.0,NO_TEXT_LAYER,,False,0,50,,ABBYY FineReader 8.0 Professional Edition,D:20080605051107,False,2008,,0,0,0,0,0,0,0,0,0
"Patents/Manuals/Comments of National Working Group on Patent Law, New Delhi dated 16.04.2008.pdf","Comments of National Working Group on Patent Law, New Delhi dated 16.04.2008.pdf",PATENT,MANUAL,Manuals,425931,6a21ffd223515298325ea29d4cc5fd748e14b0420bd3a0781b69bc5680881576,8,7,0.9,0,1.0,False,0,0,0.0,0.0,0.0,NO_TEXT_LAYER,,False,0,8,,ABBYY FineReader 8.0 Professional Edition,D:20080605170540Z,False,2008,,0,0,0,0,0,0,0,0,0
"Patents/Manuals/Comments of Organisation of pharmaceuticals Producers of India, Mumbai dated April 10, 2008.pdf","Comments of Organisation of pharmaceuticals Producers of India, Mumbai dated April 10, 2008.pdf",PATENT,MANUAL,Manuals,1109908,338471746d21f369daf2b4ca76c93e7c06d80f6369f644261da2e00c4f5c815a,18,17,0.9,0,1.0,False,0,0,0.0,0.0,0.0,NO_TEXT_LAYER,,False,0,18,,ABBYY FineReader 8.0 Professional Edition,D:20080605171107Z,False,2008,,0,0,0,0,0,0,0,0,0
"Patents/Manuals/Comments of Piramal Life Sciences, Mumbai dated 15.04.2008.pdf","Comments of Piramal Life Sciences, Mumbai dated 15.04.2008.pdf",PATENT,MANUAL,Manuals,910084,c8fd15f437956640dd7183e5c505332d4971886dd88559826687771f5b7128e7,16,15,0.9,0,1.0,False,0,0,0.0,0.0,0.0,NO_TEXT_LAYER,,False,0,16,,ABBYY FineReader 8.0 Professional Edition,D:20080605170118,False,2008,,0,0,0,0,0,0,0,0,0
"Patents/Manuals/Comments of Ranbaxy Laboratories Limited, Gurgaon.pdf","Comments of Ranbaxy Laboratories Limited, Gurgaon.pdf",PATENT,MANUAL,Manuals,614934,ec7629015f4abb5bad02e8946dc94a5e7a3c1a0aa15a4266648d76d45ae6f8a1,12,11,0.9,0,1.0,False,0,0,0.0,0.0,0.0,NO_TEXT_LAYER,,False,0,12,,ABBYY FineReader 8.0 Professional Edition,D:20080604172917,False,,,0,0,0,0,0,0,0,0,0
"Patents/Manuals/Comments of Remfry Sager, New Delhi dated 16.04.2008.pdf","Comments of Remfry Sager, New Delhi dated 16.04.2008.pdf",PATENT,MANUAL,Manuals,210593,501506be0db4ea700740797ec1d1b620c185f500fe536ceabb23169c02815373,3,2,0.7,0,1.0,False,0,0,0.0,0.0,0.0,NO_TEXT_LAYER,,False,0,3,,ABBYY FineReader 8.0 Professional Edition,D:20080605165903,False,2008,,0,0,0,0,0,0,0,0,0
"Patents/Manuals/Comments of Torrent Pharmaceuticals Limited, Ahmedabad dated 02.04.2008.pdf","Comments of Torrent Pharmaceuticals Limited, Ahmedabad dated 02.04.2008.pdf",PATENT,MANUAL,Manuals,1631795,1b802bc9889e8c64ab0b34828127535eb793f6317f9a0fa959bf323a9d53eb67,37,36,1.0,0,1.0,False,0,0,0.0,0.0,0.0,NO_TEXT_LAYER,,False,0,37,,ABBYY FineReader 8.0 Professional Edition,D:20080605165740,False,2008,,0,0,0,0,0,0,0,0,0
"Patents/Manuals/Comments of USV Limited, Mumbai dated 09.04.2008.pdf","Comments of USV Limited, Mumbai dated 09.04.2008.pdf",PATENT,MANUAL,Manuals,132410,d93fb3ce55ca2d77a70d977dc1ce6cab749b5bcd4877204d2b8cd0d70125a29e,4,3,0.8,0,1.0,False,0,0,0.0,0.0,0.0,NO_TEXT_LAYER,,False,0,4,,ABBYY FineReader 8.0 Professional Edition,D:20080605165207,False,2008,,0,0,0,0,0,0,0,0,0
"Patents/Manuals/Comments of V.R.Krishna Iyer (Former Judge Supreme Court), Ernakulam, Kochi dated 19.03.2008.pdf","Comments of V.R.Krishna Iyer (Former Judge Supreme Court), Ernakulam, Kochi dated 19.03.2008.pdf",PATENT,MANUAL,Manuals,1330191,15dbcc236ed97ff29006ad716246121de0fcb6bdd31692a15203689252b4a068,21,20,1.0,0,1.0,False,0,0,0.0,0.0,0.0,NO_TEXT_LAYER,,False,0,21,,ABBYY FineReader 8.0 Professional Edition,D:20080605165122,False,2008,,0,0,0,0,0,0,0,0,0
Patents/Manuals/Draft revised guidelines for computer software related inventions of JIPA.pdf,Draft revised guidelines for computer software related inventions of JIPA.pdf,PATENT,MANUAL,Manuals,331972,01efdf18da4b44fec0d1d2c36c87372519e02b0cafa46a588e536dc9184a13c1,9,8,0.9,0,1.0,False,0,0,0.0,0.0,0.0,NO_TEXT_LAYER,,False,0,9,,ABBYY FineReader 8.0 Professional Edition,D:20080605043023,False,,,0,0,0,0,0,0,0,0,0
Patents/Manuals/FICCI’s Comments on MPPP dated.pdf,FICCI’s Comments on MPPP dated.pdf,PATENT,MANUAL,Manuals,46105,966bf185312176313faca538769ff85d27deed036adc3eb9d03a4a655cd56b7e,11,21507,1955.2,11,0.0,True,0,16988,0.0,0.3943,0.0,GOOD,ENGLISH,False,0,1,Microsoft Word - FICCI's comments,Acrobat Distiller 7.0 (Windows),D:20080617160649+05'30',False,,,0,4,0,1,0,31,0,0,0
Patents/Manuals/First stake holder meeting dated 24.07.2008.pdf,First stake holder meeting dated 24.07.2008.pdf,PATENT,MANUAL,Manuals,47944,ccd325c64476e521d3dfeda68f249c65a29f7c53ae35343e1706aeaefab17388,1,1639,1639.0,1,0.0,True,0,1282,0.0,0.384,0.0,GOOD,ENGLISH,False,0,0,First stake holders meeting held successfully in Delhi,Acrobat Distiller 7.0 (Windows),D:20080820123536+05'30',False,2008,,0,0,0,0,0,0,0,0,0
Patents/Manuals/Manual of Patent Office Practice and Procedure -2019 (In supersession of earlier manual).pdf,Manual of Patent Office Practice and Procedure -2019 (In supersession of earlier manual).pdf,PATENT,MANUAL,Manuals,1658264,73d52f8b8073d3d0699f5e99a321d0428646b7d3bb80fb51abebca6db9fbb311,174,330107,1897.2,174,0.0,True,0,251982,0.0,0.4634,0.0,GOOD,ENGLISH,False,0,2,,Microsoft® Word 2010,D:20191126192027+05'30',False,2019,,285,262,147,34,19,41,6,9,137
Patents/Manuals/MANUAL OF PATENT OFFICE PRACTICE AND PROCEDURE dated 22.03.2011.pdf,MANUAL OF PATENT OFFICE PRACTICE AND PROCEDURE dated 22.03.2011.pdf,PATENT,MANUAL,Manuals,736807,033e61fecfe5139afb760f9d3ee5ba6c9ea1cfe08a85bc00f111c8e887ad1164,179,275025,1536.5,179,0.0,True,0,211697,0.0,0.4603,0.0,GOOD,ENGLISH,False,0,4,,Microsoft® Office Word 2007,D:20110324075436,False,2011,,294,248,114,19,4,43,4,7,105
Patents/Manuals/Patent Office Procedures dated 30.6.2009..pdf,Patent Office Procedures dated 30.6.2009..pdf,PATENT,MANUAL,Manuals,950317,d9e67507712a10ad9cb5e74a108f36d94e0d2441f8a69dc4b44b84fc8b31b382,21,27439,1306.6,21,0.0,True,0,20748,0.0,0.4236,0.0,GOOD,ENGLISH,True,4,4,,Adobe Acrobat 10.1.16,D:20190301122911+05'30',False,2009,,99,2,2,0,0,0,0,0,29
Patents/Manuals/Stakeholders Meetings on Draft Manual of Patent Practice and Procedure.pdf,Stakeholders Meetings on Draft Manual of Patent Practice and Procedure.pdf,PATENT,MANUAL,Manuals,51900,47c5c1dd982d0a363db005d49aeddd648e16c2b712b04fc7853566cc84918605,1,657,657.0,1,0.0,True,0,400,0.0,0.3333,0.0,GOOD,ENGLISH,False,0,0,Microsoft Word - Notification for Stakeholder Meetings,Acrobat Distiller 7.0 (Windows),D:20080821144717+05'30',False,,,0,0,0,0,0,0,0,0,0
"Patents/Manuals/WO Ga 34, China.pdf","WO Ga 34, China.pdf",PATENT,MANUAL,Manuals,1012907,af3b04403ed0d4607b1cfb813be86d1db3cc48d65e905bc08c57a143d3fb4a63,253,640747,2532.6,252,0.004,True,0,487475,0.0,0.4421,0.0,GOOD,ENGLISH,True,82,5,INTELLECTUAL PROPERTY   INDIA,Acrobat Distiller 7.0 (Windows),D:20080611140002+05'30',False,,,213,152,109,33,253,361,6,15,93
Patents/Rules/Draft Patent Rules.pdf,Draft Patent Rules.pdf,PATENT,RULES,Rules,1350184,162d9d794de896f645efba0a484ee1d6f4118bf4a005b5ca05add0290d869f98,15,42224,2814.9,15,0.0,True,14169,16557,0.461,0.4498,0.0,GOOD,BILINGUAL_HI_EN,False,0,0,,iTextSharp™ 5.5.13.1 ©2000-2019 iText Group NV (AGPL-version),D:20240105222027+05'30',False,,,29,9,0,0,52,16,0,0,5
"Patents/Rules/Patent 2nd Amendment Rules, 2024 - Published on 16.03.2024 English.pdf","Patent 2nd Amendment Rules, 2024 - Published on 16.03.2024 English.pdf",PATENT,RULES,Rules,816242,51af3749e334fea6fc78d5504df26d5e0eff2086e8059543f55a5322a675a8a7,9,20766,2307.3,9,0.0,True,7000,7915,0.469,0.4463,0.0,GOOD,BILINGUAL_HI_EN,False,0,0,,iTextSharp™ 5.5.13.1 ©2000-2019 iText Group NV (AGPL-version),D:20240316155644+05'30',False,2024,,11,6,0,0,35,5,1,0,0
"Patents/Rules/Patent 2nd Amendment Rules, 2024 - Published on 16.03.2024 Hindi].pdf","Patent 2nd Amendment Rules, 2024 - Published on 16.03.2024 Hindi].pdf",PATENT,RULES,Rules,1788082,f5b4f8806714c8820838eb00cc06290d51e5e7696d0a8b8d08c02bb731b8a760,10,33822,3382.2,10,0.0,True,9258,10663,0.465,0.4527,0.0,GOOD,BILINGUAL_HI_EN,False,0,0,,iTextSharp™ 5.5.13.1 ©2000-2019 iText Group NV (AGPL-version),D:20201104195830+05'30',False,2024,,57,3,0,0,4,90,0,0,41
Patents/Rules/Patent Amendments Rules 2024 - Published on 15.03.2024 English.pdf,Patent Amendments Rules 2024 - Published on 15.03.2024 English.pdf,PATENT,RULES,Rules,1876217,2c7c546b595ce1137f08cbd977f9e17ba1668cbf78e9c2fd124ef8961158abe2,40,92140,2303.5,40,0.0,True,27759,30432,0.477,0.4431,0.0,GOOD,BILINGUAL_HI_EN,False,0,3,,iTextSharp™ 5.5.13.1 ©2000-2019 iText Group NV (AGPL-version),D:20240315230002+05'30',False,2024,,121,12,4,0,10,139,2,2,58
Patents/Rules/Patent Amendments Rules 2024 - Published on 15.03.2024 Hindi.pdf,Patent Amendments Rules 2024 - Published on 15.03.2024 Hindi.pdf,PATENT,RULES,Rules,1366272,9713a2aff6dc0befe74371ea5d5619800d3811accac33115a1224216f5ea7dde,15,42224,2814.9,15,0.0,True,14169,16557,0.461,0.4498,0.0,GOOD,BILINGUAL_HI_EN,False,0,0,,Samsung Electronics,D:,False,2024,,29,9,0,0,52,16,0,0,5
"Patents/Rules/Patents (Amendment) Rules, 2021 Hindi.pdf","Patents (Amendment) Rules, 2021 Hindi.pdf",PATENT,RULES,Rules,1598175,5f8ebb98140f77b4edcdc0c8067468ab97853626b37cb8c5493a3544dd88e8c4,6,13199,2199.8,6,0.0,True,4371,4847,0.474,0.4197,0.0,GOOD,BILINGUAL_HI_EN,False,0,0,,iTextSharp™ 5.5.13.1 ©2000-2019 iText Group NV (AGPL-version),D:20210921225727+05'30',False,2021,,4,3,0,0,3,4,1,0,1
"Patents/Rules/Patents (Amendment) Rules, 2021.pdf","Patents (Amendment) Rules, 2021.pdf",PATENT,RULES,Rules,1598175,5f8ebb98140f77b4edcdc0c8067468ab97853626b37cb8c5493a3544dd88e8c4,6,13199,2199.8,6,0.0,True,4371,4847,0.474,0.4197,0.0,GOOD,BILINGUAL_HI_EN,False,0,0,,iTextSharp™ 5.5.13.1 ©2000-2019 iText Group NV (AGPL-version),D:20210921225727+05'30',False,2021,,4,3,0,0,3,4,1,0,1
"Patents/Rules/The Draft Patents (2nd Amendment) Rules, 2024 are published in the Gazette of India on 2 January 2024..pdf","The Draft Patents (2nd Amendment) Rules, 2024 are published in the Gazette of India on 2 January 2024..pdf",PATENT,RULES,Rules,1366272,9713a2aff6dc0befe74371ea5d5619800d3811accac33115a1224216f5ea7dde,15,42224,2814.9,15,0.0,True,14169,16557,0.461,0.4498,0.0,GOOD,BILINGUAL_HI_EN,False,0,0,,Samsung Electronics,D:,False,2024,,29,9,0,0,52,16,0,0,5
"Patents/Rules/The Draft Patents (Amendment) Rules, 2023 are published in the Gazette of India on 22 August 2023 for Objections or suggestions..pdf","The Draft Patents (Amendment) Rules, 2023 are published in the Gazette of India on 22 August 2023 for Objections or suggestions..pdf",PATENT,RULES,Rules,1090641,4c7e0c62ac48441baa158053d8fb4c119bc335d2e3cce861f12abb131cbc655d,40,81629,2040.7,40,0.0,True,24204,26995,0.473,0.4471,0.0,GOOD,BILINGUAL_HI_EN,False,0,6,,iTextSharp™ 5.5.13.1 ©2000-2019 iText Group NV (AGPL-version),D:20230824183240+05'30',False,2023,,113,9,2,0,11,130,1,2,56
"Trade Marks/Acts/New Elements in the TRADE MARKS ACT, 1999.pdf","New Elements in the TRADE MARKS ACT, 1999.pdf",TRADEMARK,ACT,Acts,17244,f7fbf4f4736048999ebe16a49a06b2f58646b38638108d2ed7fd1280e28c97dc,1,1978,1978.0,1,0.0,True,0,1390,0.0,0.3962,0.0,GOOD,ENGLISH,False,0,0,Microsoft Word - New Microsoft Office Word Document.docx,Acrobat Distiller 9.0.0 (Windows),D:20151217130445+05'30',False,1999,,0,0,0,0,0,0,0,0,0
Trade Marks/Acts/Trade Marks Act 1999 (ENGLISH).pdf,Trade Marks Act 1999 (ENGLISH).pdf,TRADEMARK,ACT,Acts,246049,07aa58f3262a4d764c087577b2d49c7de0f4f49a392818aa9bc38c0dba620f1f,51,177122,3473.0,49,0.039,True,0,140395,0.0,0.5105,0.0,GOOD,ENGLISH,False,0,2,Book Rajpatra,Acrobat Distiller 3.0 for Windows,D:20020508041432Z,False,1999,,65,0,0,13,255,313,0,0,19
Trade Marks/Acts/Trade Marks Act 1999 (Hindi).pdf,Trade Marks Act 1999 (Hindi).pdf,TRADEMARK,ACT,Acts,828729,b2c49a2c36454c23856ae5693ad0e4fab20b948e6f7f4fdfd7a082d503b156c5,47,192139,4088.1,47,0.0,True,138394,285,0.998,0.0,0.0,NON_LATIN_UNVERIFIED,HINDI,False,0,0,"व्‍यापार चिह्न अधिनियम, 1999",Microsoft® Word 2016,D:20231130125320+05'30',False,1999,,0,0,0,0,95,19,0,0,0
"Trade Marks/Acts/TradeMarks (Amendment) Act, 2010.pdf","TradeMarks (Amendment) Act, 2010.pdf",TRADEMARK,ACT,Acts,96906,9c5c10609b24eee3e3c7399a81f84b439b949d3315ed43de1ca458570130c8f0,7,16065,2295.0,7,0.0,True,0,12655,0.0,0.4871,0.0,GOOD,ENGLISH,False,0,0,,OpenOffice.org 2.4,D:20101220162423+05'30',False,2010,,17,0,0,0,23,16,0,0,2
Trade Marks/Guidelines/Guidelines for functioning under the Madrid Protocol.pdf,Guidelines for functioning under the Madrid Protocol.pdf,TRADEMARK,GUIDELINE,Guidelines,587917,5820b76319001ba2cbf8a4cdfcc45df2eda1b442d1f007cfeb320f576b1dc5c8,43,78763,1831.7,43,0.0,True,0,58871,0.0,0.4411,0.0,GOOD,ENGLISH,False,0,2,Guidelines for functioning under the Madrid Protocol  ver,Microsoft® Word 2010,D:20131217111952+05'30',False,,,7,14,22,0,6,21,1,0,10
"Trade Marks/Guidelines/Public Notice for filing of application u-r 124 of TM Rules, 2017.pdf","Public Notice for filing of application u-r 124 of TM Rules, 2017.pdf",TRADEMARK,GUIDELINE,Guidelines,92305,9ca36b68b40b6b8203c317a5ea17fa725f0bd9cb96083342b554e7aae77588a5,2,3772,1886.0,2,0.0,True,105,2708,0.037,0.4168,0.0,GOOD,ENGLISH,False,0,2,,Adobe PDF Library 10.0,D:20170602162920+05'30',False,2017,,0,0,2,0,0,0,0,0,1
Trade Marks/Guidelines/SOP for Well-Known Application processing.pdf,SOP for Well-Known Application processing.pdf,TRADEMARK,GUIDELINE,Guidelines,79315,46f2f4e125f14ef326aec015a6f670e34bf6a5cc72606986f9db2ea5b79b57c4,2,4257,2128.5,2,0.0,True,0,3236,0.0,0.4484,0.0,GOOD,ENGLISH,False,0,0,,Microsoft® Office Word 2007,D:20200214134112+05'30',False,,,0,0,0,0,1,0,0,0,0
Trade Marks/Guidelines/SoP of Trade Marks Applications.pdf,SoP of Trade Marks Applications.pdf,TRADEMARK,GUIDELINE,Guidelines,128138,61bca387b1ee62951a8c3313a6c806f5eff0cb6209144540a81d9044dceb1956,3,7075,2358.3,3,0.0,True,0,5719,0.0,0.4055,0.0,GOOD,ENGLISH,False,0,0,Microsoft Word - SoP_TM_Processing of TM Application in TMR 27.10.2022,Acrobat Distiller 10.1.16 (Windows),D:20221107133917+05'30',False,,,0,0,0,0,0,2,0,0,2
Trade Marks/Guidelines/The Madrid Protocol   A route to global branding.pdf,The Madrid Protocol   A route to global branding.pdf,TRADEMARK,GUIDELINE,Guidelines,1409845,0dbbada53c88e46cd4b402056d22d37c02cd1a36f52a469eed40cf1045d34d6b,30,76815,2560.5,30,0.0,True,0,61156,0.0,0.3458,0.0,GOOD,ENGLISH,False,0,12,,Adobe PDF Library 15.0,D:20180418172641+02'00',False,,,16,0,0,0,0,28,0,0,27
Trade Marks/Manuals/Draft manual of Trademarks Practice and Procedure inviting Comments Suggestion.pdf,Draft manual of Trademarks Practice and Procedure inviting Comments Suggestion.pdf,TRADEMARK,MANUAL,Manuals,1571192,76b2cfb0231695467e3c130e8c3561b8ad5427e241de93ce82149a81e9e76df0,143,300674,2102.6,143,0.0,True,116,228004,0.001,0.4541,0.0,GOOD,ENGLISH,False,0,3,Manual of Trade Marks,Microsoft® Office Word 2007,D:20150310162607+05'30',False,,,127,199,123,12,3,44,0,13,57
Trade Marks/Manuals/Draft manual of Trademarks Practice and Procedure Public Notice.pdf,Draft manual of Trademarks Practice and Procedure Public Notice.pdf,TRADEMARK,MANUAL,Manuals,415352,107b3cdf48cd711934cb5598241934f0024f423338bef1cc444930c84d66d221,1,0,0.0,0,1.0,False,0,0,0.0,0.0,0.0,NO_TEXT_LAYER,,False,0,1,,,,False,,,0,0,0,0,0,0,0,0,0
Trade Marks/Rules/TM Amendment Rules 2013 Gazette Notification.pdf,TM Amendment Rules 2013 Gazette Notification.pdf,TRADEMARK,RULES,Rules,311701,b641f3511e784edbcf8b5ebb1b764acfe14bdd0052fa7f47bb659731ca86e4cc,2,7,3.5,0,1.0,False,0,0,0.0,0.0,0.0,NO_TEXT_LAYER,,False,0,2,,Microsoft® Word 2010,D:20130903180151+05'30',False,2013,,0,0,0,0,0,0,0,0,0
"Trade Marks/Rules/Trade Marks (Amendment) Rules, 2013.pdf","Trade Marks (Amendment) Rules, 2013.pdf",TRADEMARK,RULES,Rules,311701,b641f3511e784edbcf8b5ebb1b764acfe14bdd0052fa7f47bb659731ca86e4cc,2,7,3.5,0,1.0,False,0,0,0.0,0.0,0.0,NO_TEXT_LAYER,,False,0,2,,Microsoft® Word 2010,D:20130903180151+05'30',False,2013,,0,0,0,0,0,0,0,0,0
"Trade Marks/Rules/Trade Marks Rules 2002, Forms & Fee (ENGLISH).pdf","Trade Marks Rules 2002, Forms & Fee (ENGLISH).pdf",TRADEMARK,RULES,Rules,925538,537d7444982d6b409452c8beabd1c5872a8c77921eaf20c4c34b976c622bf2d2,282,405719,1438.7,279,0.011,True,0,287434,0.0,0.4721,0.0,GOOD,ENGLISH,False,0,0,( PUBLISHED AS GSR 114(E) Dated 26/2/2002 IN THE GAZETTE OF INDIA EXTRAORDINARY Pt,Acrobat Distiller 7.0 (Windows),D:20050826115347+05'30',False,2002,,841,88,39,8,200,148,4,11,165
"Trade Marks/Rules/Trade Marks Rules 2002, Forms & Fee (HINDI).pdf","Trade Marks Rules 2002, Forms & Fee (HINDI).pdf",TRADEMARK,RULES,Rules,8540885,37e52d40754c7da011bc4b20cfbe6c4f4c4e65972b676ebf63598de47f7245de,138,247795,1795.6,138,0.0,True,0,110210,0.0,0.0921,0.0,DEGRADED,ENGLISH,True,171,138,,iLovePDF,D:20111126132113Z,False,2002,,125,1,0,0,130,67,0,0,0
"Trade Marks/Rules/Trade Marks Rules, 2017.pdf","Trade Marks Rules, 2017.pdf",TRADEMARK,RULES,Rules,1933219,b858aa6874a4373be03b1ee3a7a926f9f7b79dc7a15dbffdc2109cf6c3a33e92,97,335949,3463.4,97,0.0,True,94365,138802,0.405,0.4696,0.0,GOOD,BILINGUAL_HI_EN,False,0,0,1256gi,PDFCreator 2.3.0.103,D:20170309215940+05'30',False,2017,,185,16,5,9,335,183,0,6,77
